{
    "gps_lat": 39.97560125835365,
    "gps_lon": -86.12706530759112,
    "focallength_x_px": 1933.8690478270732,
    "focallength_y_px": 1933.8690478270732,
    "center_x_px": 1280.0,
    "center_y_px": 720.0,
    "image_height_px": 1440,
    "image_width_px": 2560,
    "sensor_height_mm": 13.0,
    "sensor_width_mm": 17.3,
    "elevation_m": 5.341674437210832,
    "tilt_deg": 72.22898120166238,
    "roll_deg": 0.4885833163783847,
    "heading_deg": 181.85269426388902,
    "pos_x_m": 0.0,
    "pos_y_m": 0.0,
    "k1": -0.26905550497859887,
    "k2": 0.03132947109676646,
    "k3": 0.0,
    "projection": 0,
    "lens": 2
}