{
    "gps_lat": 39.97559002347724,
    "gps_lon": -86.1270794622172,
    "focallength_x_px": 1552.764165238954,
    "focallength_y_px": 1552.764165238954,
    "center_x_px": 1280.0,
    "center_y_px": 720.0,
    "image_height_px": 1440,
    "image_width_px": 2560,
    "sensor_height_mm": 13.0,
    "sensor_width_mm": 17.3,
    "elevation_m": 5.075008375936993,
    "tilt_deg": 71.03551126992467,
    "roll_deg": 0.8903318650593702,
    "heading_deg": 354.170113680153,
    "pos_x_m": 0.0,
    "pos_y_m": 0.0,
    "k1": -0.4031619917887144,
    "k2": 0.12879471728477332,
    "k3": 0.0,
    "projection": 0,
    "lens": 2
}