{
    "gps_lat": 39.975605748738964,
    "gps_lon": -86.12710274800055,
    "focallength_x_px": 1729.8207205706349,
    "focallength_y_px": 1729.8207205706349,
    "center_x_px": 1280.0,
    "center_y_px": 720.0,
    "image_height_px": 1440,
    "image_width_px": 2560,
    "sensor_height_mm": 13.0,
    "sensor_width_mm": 17.3,
    "elevation_m": 3.695617882262097,
    "tilt_deg": 74.08680290719684,
    "roll_deg": 3.3479439860768885,
    "heading_deg": 0.33718422124863495,
    "pos_x_m": 0.0,
    "pos_y_m": 0.0,
    "k1": -0.45772141472017697,
    "k2": -0.007876434718349815,
    "k3": 0.0,
    "projection": 0,
    "lens": 2
}