{
    "gps_lat": 39.97559002347724,
    "gps_lon": -86.1270794622172,
    "focallength_x_px": 1811.1581083080898,
    "focallength_y_px": 1811.1581083080898,
    "center_x_px": 1280.0,
    "center_y_px": 720.0,
    "image_height_px": 1440,
    "image_width_px": 2560,
    "sensor_height_mm": 13.0,
    "sensor_width_mm": 17.3,
    "elevation_m": 5.098198196840389,
    "tilt_deg": 71.42928718755358,
    "roll_deg": -0.5603457200850089,
    "heading_deg": 180.20562297383873,
    "pos_x_m": 0.0,
    "pos_y_m": 0.0,
    "k1": -0.501229716815802,
    "k2": 0.2537166905590046,
    "k3": 0.0,
    "projection": 0,
    "lens": 2
}